fortunata_y_jacinta_1.txt, Juanito Santa Cruz, llevaron
fortunata_y_jacinta_1.txt, Juanito, reunía
fortunata_y_jacinta_1.txt, Juanito, acabó
fortunata_y_jacinta_1.txt, Juanito, faltarnos
fortunata_y_jacinta_1.txt, Juanito, mejor
fortunata_y_jacinta_1.txt, Juanito, esperado
fortunata_y_jacinta_1.txt, Juanito, nació
fortunata_y_jacinta_1.txt, Juanito, manifestara
fortunata_y_jacinta_1.txt, Juanito Santa Cruz, hecho
fortunata_y_jacinta_1.txt, Juanito, explicó
fortunata_y_jacinta_1.txt, Juanito, emprendió
fortunata_y_jacinta_1.txt, Juanito, vio
fortunata_y_jacinta_1.txt, Juanito, pensó
fortunata_y_jacinta_1.txt, Juanito, discurriendo
fortunata_y_jacinta_1.txt, Juanito, creyó
fortunata_y_jacinta_1.txt, Juanito, vio
fortunata_y_jacinta_1.txt, Juanito, reía
fortunata_y_jacinta_1.txt, Juanito, pintaba
fortunata_y_jacinta_1.txt, Juanito, empezó
fortunata_y_jacinta_1.txt, Juanito, decía
fortunata_y_jacinta_1.txt, Juanito, vio
fortunata_y_jacinta_1.txt, Juanito, manifestó
fortunata_y_jacinta_1.txt, Juanito, enseñado
fortunata_y_jacinta_1.txt, Juanito, pillín
fortunata_y_jacinta_1.txt, Juanito, veía
fortunata_y_jacinta_1.txt, Juanito, rascaba
fortunata_y_jacinta_1.txt, José Izquierdo, reirías
fortunata_y_jacinta_1.txt, Juanito, pasmó
fortunata_y_jacinta_1.txt, Juanito, decía
fortunata_y_jacinta_1.txt, Juanito, sentó
fortunata_y_jacinta_1.txt, Fortunata, tenía
fortunata_y_jacinta_1.txt, Fortunata, tenía
fortunata_y_jacinta_1.txt, Fortunata, metía
fortunata_y_jacinta_1.txt, José Izquierdo, acababa
fortunata_y_jacinta_1.txt, Fortunata, persiguió
fortunata_y_jacinta_1.txt, Fortunata, llevó
fortunata_y_jacinta_1.txt, Juanito Santa Cruz, sacaba
fortunata_y_jacinta_1.txt, Juanito, llegó
fortunata_y_jacinta_1.txt, Fortunata, extravagancia
fortunata_y_jacinta_1.txt, José Izquierdo, persona
fortunata_y_jacinta_1.txt, D. José, deshizo
fortunata_y_jacinta_1.txt, D. José, salió
fortunata_y_jacinta_1.txt, D. José, era
fortunata_y_jacinta_1.txt, D. José, niños
fortunata_y_jacinta_1.txt, D. José, exclamó
fortunata_y_jacinta_1.txt, D. José, dijo
fortunata_y_jacinta_1.txt, José Izquierdo, representaba
fortunata_y_jacinta_1.txt, Juanito, entonces--replicó
fortunata_y_jacinta_1.txt, Juanito, dijo
fortunata_y_jacinta_1.txt, Juanito, retiró
fortunata_y_jacinta_1.txt, Juanito, vieron
fortunata_y_jacinta_1.txt, Fortunata, inspiraba
fortunata_y_jacinta_3b.txt, Fortunata, entró
fortunata_y_jacinta_3b.txt, Fortunata, parecía
fortunata_y_jacinta_3b.txt, Fortunata, oyó
fortunata_y_jacinta_3b.txt, Fortunata, vaciló
fortunata_y_jacinta_3b.txt, Fortunata, quedándose
fortunata_y_jacinta_3b.txt, Fortunata, dado
fortunata_y_jacinta_3b.txt, Fortunata, agachó
fortunata_y_jacinta_3b.txt, Mauricia, más
fortunata_y_jacinta_3b.txt, Mauricia, ven
fortunata_y_jacinta_3b.txt, Maxi, marchado
fortunata_y_jacinta_3b.txt, Fortunata, examina
fortunata_y_jacinta_3b.txt, Fortunata, sigue
fortunata_y_jacinta_3b.txt, Fortunata, mira
fortunata_y_jacinta_3b.txt, Juanito Santa Cruz, viene
fortunata_y_jacinta_3b.txt, Fortunata, mira
fortunata_y_jacinta_3b.txt, Fortunata, ve
fortunata_y_jacinta_3b.txt, Fortunata, Sentía
fortunata_y_jacinta_3b.txt, Fortunata, saliese
fortunata_y_jacinta_3b.txt, Fortunata, vio
fortunata_y_jacinta_3b.txt, Fortunata, metió
fortunata_y_jacinta_3b.txt, Fortunata, inclinaba
fortunata_y_jacinta_3b.txt, Fortunata, venido
fortunata_y_jacinta_3b.txt, Maxi, ocupó
fortunata_y_jacinta_3b.txt, Maxi, habló
fortunata_y_jacinta_3b.txt, Fortunata, aventuró
fortunata_y_jacinta_3b.txt, Fortunata, solos
fortunata_y_jacinta_3b.txt, Maxi, volvió
fortunata_y_jacinta_3b.txt, Maxi, dijo
fortunata_y_jacinta_3b.txt, Fortunata, encendió
fortunata_y_jacinta_3b.txt, Fortunata, vio
fortunata_y_jacinta_3b.txt, Fortunata, vio
fortunata_y_jacinta_3b.txt, Fortunata, sintió
fortunata_y_jacinta_3b.txt, Maxi, hecho
fortunata_y_jacinta_3b.txt, Maxi, volvió
fortunata_y_jacinta_3b.txt, Maxi, seguía
fortunata_y_jacinta_3b.txt, Fortunata, expresaba
fortunata_y_jacinta_3b.txt, Maxi, dejó
fortunata_y_jacinta_3b.txt, Fortunata, admiró
fortunata_y_jacinta_3b.txt, Maxi, manifestó
fortunata_y_jacinta_3b.txt, Maxi, comió
fortunata_y_jacinta_3b.txt, Maxi, estuvo
fortunata_y_jacinta_3b.txt, Maximiliano, oyeran
fortunata_y_jacinta_3b.txt, Fortunata, veía
fortunata_y_jacinta_3b.txt, Aurora, entró
fortunata_y_jacinta_3b.txt, Aurora, volvió
fortunata_y_jacinta_3b.txt, Aurora, estaría
fortunata_y_jacinta_3b.txt, Aurora, disponiendo
fortunata_y_jacinta_3b.txt, Aurora, vestía
fortunata_y_jacinta_3b.txt, Aurora, tenía
fortunata_y_jacinta_3b.txt, Aurora, volvió
fortunata_y_jacinta_3b.txt, Aurora, pasó
fortunata_y_jacinta_3b.txt, Aurora, secreteó
fortunata_y_jacinta_3b.txt, Fortunata, hecho
fortunata_y_jacinta_3b.txt, Aurora, echó
fortunata_y_jacinta_3b.txt, Aurora, volvió
fortunata_y_jacinta_3b.txt, Fortunata, da--replicó
fortunata_y_jacinta_3b.txt, Fortunata, hacían
fortunata_y_jacinta_3b.txt, Aurora, reían
fortunata_y_jacinta_3b.txt, Maxi, empeoraba
fortunata_y_jacinta_3b.txt, Fortunata, trazó
fortunata_y_jacinta_3b.txt, Fortunata, levantaba
fortunata_y_jacinta_3b.txt, Fortunata, tuvo
fortunata_y_jacinta_3b.txt, Maxi, entró
fortunata_y_jacinta_3b.txt, Fortunata, planchando
fortunata_y_jacinta_3b.txt, Fortunata, dijo
fortunata_y_jacinta_3b.txt, Maxi, sentó
fortunata_y_jacinta_3b.txt, Maxi, irritó
fortunata_y_jacinta_3b.txt, Maxi, ayudarás--prosiguió
fortunata_y_jacinta_3b.txt, Fortunata, tomó
fortunata_y_jacinta_3b.txt, Maxi, despabiló
fortunata_y_jacinta_3b.txt, Maxi, avino
fortunata_y_jacinta_3b.txt, Fortunata, entendía
fortunata_y_jacinta_3b.txt, Fortunata, tiraba
fortunata_y_jacinta_3b.txt, Fortunata, ponía
fortunata_y_jacinta_3b.txt, Fortunata, hacía
fortunata_y_jacinta_3b.txt, Aurora, rendida
fortunata_y_jacinta_3b.txt, Fortunata, iba
fortunata_y_jacinta_3b.txt, Fortunata, sintió
fortunata_y_jacinta_3b.txt, Aurora, convenía
fortunata_y_jacinta_3b.txt, Fortunata, apartaba
fortunata_y_jacinta_3b.txt, Maxi, contestó
fortunata_y_jacinta_3b.txt, Maxi, dijo
fortunata_y_jacinta_3b.txt, Maxi, observaba
fortunata_y_jacinta_3b.txt, Maxi, tomaba
fortunata_y_jacinta_3b.txt, Maxi, sonreía
fortunata_y_jacinta_3b.txt, Maxi, subió
fortunata_y_jacinta_3b.txt, Fortunata, metió
fortunata_y_jacinta_3b.txt, Maximiliano, instaba
fortunata_y_jacinta_3b.txt, Maxi, hizo
fortunata_y_jacinta_3b.txt, Fortunata, lanzó
fortunata_y_jacinta_3b.txt, Maxi, dijo
fortunata_y_jacinta_3b.txt, Fortunata, salió
fortunata_y_jacinta_3b.txt, Fortunata, admirase
fortunata_y_jacinta_3b.txt, Fortunata, asustó
fortunata_y_jacinta_3b.txt, Maxi, ve
fortunata_y_jacinta_3b.txt, Fortunata, chistó
fortunata_y_jacinta_3b.txt, Fortunata, desmejorada
fortunata_y_jacinta_3b.txt, Fortunata, entraba
fortunata_y_jacinta_3b.txt, Fortunata, levantó
fortunata_y_jacinta_3b.txt, Maximiliano, permanecía
fortunata_y_jacinta_3b.txt, Fortunata, anduvo
fortunata_y_jacinta_3b.txt, Aurora, faltaba
fortunata_y_jacinta_3b.txt, Fortunata, esperaba
fortunata_y_jacinta_3b.txt, Fortunata, deseaba
fortunata_y_jacinta_3b.txt, Aurora, puso
fortunata_y_jacinta_3b.txt, Fortunata, ayudaba
fortunata_y_jacinta_3b.txt, Aurora, arrancaba
fortunata_y_jacinta_3b.txt, Aurora, suspendió
fortunata_y_jacinta_3b.txt, Aurora, ?--apuntó
fortunata_y_jacinta_3b.txt, Aurora, abandonó
fortunata_y_jacinta_3b.txt, Fortunata, retirarse
fortunata_y_jacinta_3b.txt, Aurora, quedó
fortunata_y_jacinta_3b.txt, Fortunata, dejó
fortunata_y_jacinta_3b.txt, Fortunata, llegó
fortunata_y_jacinta_3b.txt, Maxi, cogiéndole
fortunata_y_jacinta_3b.txt, Maxi, endilgó
fortunata_y_jacinta_3b.txt, Fortunata, apoyó
fortunata_y_jacinta_3b.txt, Fortunata, preguntole
fortunata_y_jacinta_3b.txt, Maxi, levantó
fortunata_y_jacinta_3b.txt, Fortunata, sabía
fortunata_y_jacinta_3b.txt, Fortunata, comprendía
fortunata_y_jacinta_3b.txt, Maxi, dijo
fortunata_y_jacinta_3b.txt, Maxi, estuvo
fortunata_y_jacinta_3b.txt, Maxi, decía
fortunata_y_jacinta_3b.txt, Fortunata, puso
fortunata_y_jacinta_3b.txt, Maxi, tenía
fortunata_y_jacinta_3b.txt, Fortunata, coge
fortunata_y_jacinta_3b.txt, Maxi, plantó
fortunata_y_jacinta_3b.txt, Fortunata, dejó
fortunata_y_jacinta_3b.txt, Fortunata, pegó
fortunata_y_jacinta_3b.txt, Fortunata, corrió
fortunata_y_jacinta_3b.txt, Fortunata, llevaba
fortunata_y_jacinta_3b.txt, Maxi, apoderarse
fortunata_y_jacinta_3b.txt, Maximiliano, sabido
fortunata_y_jacinta_3b.txt, Fortunata, determinó
fortunata_y_jacinta_3b.txt, Fortunata, puesto
fortunata_y_jacinta_3b.txt, Maxi, llamarse
fortunata_y_jacinta_3b.txt, Fortunata, dijo
fortunata_y_jacinta_3b.txt, Fortunata, poseía
fortunata_y_jacinta_3b.txt, D. Evaristo, dispuesto
fortunata_y_jacinta_3b.txt, Fortunata, pensó
fortunata_y_jacinta_3b.txt, Fortunata, encaminó
fortunata_y_jacinta_3b.txt, Fortunata, entró
fortunata_y_jacinta_3b.txt, D. Evaristo, tenía
fortunata_y_jacinta_3b.txt, Fortunata, cogió
fortunata_y_jacinta_3b.txt, Fortunata, sabía
fortunata_y_jacinta_3b.txt, Fortunata, hizo
fortunata_y_jacinta_3b.txt, Fortunata, seguía
fortunata_y_jacinta_3b.txt, Fortunata, daba
fortunata_y_jacinta_3b.txt, D. Evaristo, pareció
fortunata_y_jacinta_3b.txt, Fortunata, Salió
fortunata_y_jacinta_3b.txt, Fortunata, conocía
fortunata_y_jacinta_3b.txt, Fortunata, llegado
fortunata_y_jacinta_3b.txt, Fortunata, veía
fortunata_y_jacinta_3b.txt, Maxi, empezó
fortunata_y_jacinta_3b.txt, Maxi, expresó
fortunata_y_jacinta_3b.txt, Maxi, repitió
fortunata_y_jacinta_3b.txt, Fortunata, sintió
fortunata_y_jacinta_3b.txt, Fortunata, echar
fortunata_y_jacinta_3b.txt, Fortunata, imaginaba
fortunata_y_jacinta_3b.txt, Maxi, andaba
fortunata_y_jacinta_3b.txt, Maximiliano, descubra
fortunata_y_jacinta_3b.txt, Fortunata, cohibida
fortunata_y_jacinta_3b.txt, Aurora, verla
fortunata_y_jacinta_3b.txt, José Izquierdo, la
fortunata_y_jacinta_3b.txt, Fortunata, encontró
fortunata_y_jacinta_3b.txt, Aurora, verla
fortunata_y_jacinta_3b.txt, Maxi, iba
fortunata_y_jacinta_3b.txt, Maximiliano, discurrió
fortunata_y_jacinta_3b.txt, Maxi, Gallo
fortunata_y_jacinta_3b.txt, Maximiliano, retiró
fortunata_y_jacinta_3b.txt, Maxi, vio
fortunata_y_jacinta_3b.txt, Maxi, trató
fortunata_y_jacinta_3b.txt, D. José, convendría
fortunata_y_jacinta_3b.txt, D. José, levantó
fortunata_y_jacinta_3b.txt, Maxi, quiso
fortunata_y_jacinta_3b.txt, Maximiliano, bebiese
fortunata_y_jacinta_3b.txt, Maxi, personó
fortunata_y_jacinta_3b.txt, Maximiliano, seguía
fortunata_y_jacinta_3b.txt, Maxi, parecía
fortunata_y_jacinta_3b.txt, Fortunata, muerto
fortunata_y_jacinta_3b.txt, Maxi, usaba
fortunata_y_jacinta_3b.txt, Maxi, estaba
fortunata_y_jacinta_3b.txt, Aurora, parecía
fortunata_y_jacinta_3b.txt, Maxi, miró
fortunata_y_jacinta_3b.txt, Maxi, diese
fortunata_y_jacinta_3b.txt, Aurora, honrada
fortunata_y_jacinta_3b.txt, Aurora, defendía
fortunata_y_jacinta_3b.txt, Maxi, perdía
fortunata_y_jacinta_3b.txt, Maxi, decía
fortunata_y_jacinta_3b.txt, Fortunata, mala
fortunata_y_jacinta_3b.txt, Maxi, desconcertó
fortunata_y_jacinta_3b.txt, Maxi, llevó
fortunata_y_jacinta_3b.txt, Maximiliano, apresuró
fortunata_y_jacinta_3b.txt, Fortunata, sintió
fortunata_y_jacinta_3b.txt, Aurora, acordase
fortunata_y_jacinta_3b.txt, Fortunata, reía
fortunata_y_jacinta_3b.txt, Fortunata, acordaba
fortunata_y_jacinta_3b.txt, Fortunata, sintió
fortunata_y_jacinta_3b.txt, Fortunata, contentísima
fortunata_y_jacinta_3b.txt, D. José, rehusó
fortunata_y_jacinta_3b.txt, Fortunata, día
fortunata_y_jacinta_3b.txt, Fortunata, creyó
fortunata_y_jacinta_3b.txt, D. José, hacía
fortunata_y_jacinta_3b.txt, Maxi, dijo
fortunata_y_jacinta_3b.txt, Fortunata, encontró
fortunata_y_jacinta_3b.txt, Fortunata, sabía
fortunata_y_jacinta_3b.txt, Maxi, parecía
fortunata_y_jacinta_3b.txt, Juan Evaristo, hacía
fortunata_y_jacinta_3b.txt, Fortunata, iba
fortunata_y_jacinta_3b.txt, Maxi, expresó
fortunata_y_jacinta_3b.txt, Fortunata, volvió
fortunata_y_jacinta_3b.txt, D. José, asomó
fortunata_y_jacinta_3b.txt, Fortunata, tuvo
fortunata_y_jacinta_3b.txt, Maxi, alargaba
fortunata_y_jacinta_3b.txt, Fortunata, entender
fortunata_y_jacinta_3b.txt, Maxi, dijo
fortunata_y_jacinta_3b.txt, Fortunata, persignaba
fortunata_y_jacinta_3b.txt, Maxi, decir
fortunata_y_jacinta_3b.txt, Fortunata, quiso
fortunata_y_jacinta_3b.txt, Aurora, sale
fortunata_y_jacinta_3b.txt, Aurora, dice
fortunata_y_jacinta_3b.txt, Fortunata, calles--gritó
fortunata_y_jacinta_3b.txt, Maxi, matado
fortunata_y_jacinta_3b.txt, Fortunata, abría
fortunata_y_jacinta_3b.txt, Fortunata, tuvo
fortunata_y_jacinta_3b.txt, Maxi, salió
fortunata_y_jacinta_3b.txt, José Izquierdo, cuadró
fortunata_y_jacinta_3b.txt, Maximiliano, sonreía
fortunata_y_jacinta_3b.txt, Fortunata, puso
fortunata_y_jacinta_3b.txt, Fortunata, agasajaba
fortunata_y_jacinta_3b.txt, Fortunata, notó
fortunata_y_jacinta_3b.txt, Fortunata, bebía
fortunata_y_jacinta_3b.txt, Fortunata, soñó
fortunata_y_jacinta_3b.txt, Aurora, entraban
fortunata_y_jacinta_3b.txt, Aurora, cogía
fortunata_y_jacinta_3b.txt, Fortunata, allí
fortunata_y_jacinta_3b.txt, Aurora, quedó
fortunata_y_jacinta_3b.txt, Fortunata, dijo
fortunata_y_jacinta_3b.txt, Aurora, metes?--balbució
fortunata_y_jacinta_3b.txt, Fortunata, puso
fortunata_y_jacinta_3b.txt, Aurora, tranquilizaba
fortunata_y_jacinta_3b.txt, Fortunata, dijo
fortunata_y_jacinta_3b.txt, Fortunata, descargase
fortunata_y_jacinta_3b.txt, Fortunata, hizo
fortunata_y_jacinta_3b.txt, Fortunata, continuaba
fortunata_y_jacinta_3b.txt, Fortunata, --gritó
fortunata_y_jacinta_3b.txt, Fortunata, dijo
fortunata_y_jacinta_3b.txt, Aurora, volvió
fortunata_y_jacinta_3b.txt, Fortunata, quería
fortunata_y_jacinta_3b.txt, Maximiliano, hizo
fortunata_y_jacinta_3b.txt, José Izquierdo, apareció
fortunata_y_jacinta_3b.txt, Maximiliano, serio
fortunata_y_jacinta_3b.txt, Maximiliano, levantaron
fortunata_y_jacinta_3b.txt, Fortunata, llamó
fortunata_y_jacinta_3b.txt, Fortunata, bebía
fortunata_y_jacinta_3b.txt, Maxi, allí
fortunata_y_jacinta_3b.txt, Fortunata, sintió
fortunata_y_jacinta_3b.txt, Fortunata, amenazándole
fortunata_y_jacinta_3b.txt, Fortunata, exaltándose
fortunata_y_jacinta_3b.txt, Fortunata, incorporó
fortunata_y_jacinta_3b.txt, Maxi, miraba
fortunata_y_jacinta_3b.txt, Maxi, venido
fortunata_y_jacinta_3b.txt, Fortunata, vuelto
fortunata_y_jacinta_3b.txt, Maxi, dicho
fortunata_y_jacinta_3b.txt, Juan Evaristo, volvió
fortunata_y_jacinta_3b.txt, Fortunata, tomó
fortunata_y_jacinta_3b.txt, Fortunata, consintió
fortunata_y_jacinta_3b.txt, Fortunata, pareció
fortunata_y_jacinta_3b.txt, Fortunata, expresaba
fortunata_y_jacinta_3b.txt, Fortunata, tiró
fortunata_y_jacinta_3b.txt, Maximiliano, comprado
fortunata_y_jacinta_3b.txt, Fortunata, componía
fortunata_y_jacinta_3b.txt, Juan Evaristo, daba
fortunata_y_jacinta_3b.txt, Fortunata, lloraba
fortunata_y_jacinta_3b.txt, Fortunata, rió
fortunata_y_jacinta_3b.txt, Juan Evaristo, pedía
fortunata_y_jacinta_3b.txt, Fortunata, incorporado
fortunata_y_jacinta_3b.txt, Juan Evaristo, dormía
fortunata_y_jacinta_3b.txt, Fortunata, movió
fortunata_y_jacinta_3b.txt, Fortunata, abra
fortunata_y_jacinta_3b.txt, Fortunata, matado
fortunata_y_jacinta_3b.txt, José Izquierdo, entró
fortunata_y_jacinta_3b.txt, Fortunata, miraba
fortunata_y_jacinta_3b.txt, Maxi, mirándole
fortunata_y_jacinta_3b.txt, Maxi, prorrumpió
fortunata_y_jacinta_3b.txt, Maxi, vistió
fortunata_y_jacinta_3b.txt, Maximiliano, expresó
fortunata_y_jacinta_3b.txt, Maxi, iba
fortunata_y_jacinda_3a.txt, D. Evaristo, es--agregó
fortunata_y_jacinda_3a.txt, Fortunata, esas
fortunata_y_jacinda_3a.txt, Fortunata, decía
fortunata_y_jacinda_3a.txt, Fortunata, créelo
fortunata_y_jacinda_3a.txt, Fortunata, comprendió
fortunata_y_jacinda_3a.txt, Fortunata, en
fortunata_y_jacinda_3a.txt, Fortunata, pensado
fortunata_y_jacinda_3a.txt, Fortunata, atravesó
fortunata_y_jacinda_3a.txt, Fortunata, vio
fortunata_y_jacinda_3a.txt, D. Evaristo, fue
fortunata_y_jacinda_3a.txt, Fortunata, Estaba
fortunata_y_jacinda_3a.txt, D. Evaristo, preciaba
fortunata_y_jacinda_3a.txt, Fortunata, convenció
fortunata_y_jacinda_3a.txt, D. Evaristo, es!--indicó
fortunata_y_jacinda_3a.txt, Fortunata, dejó
fortunata_y_jacinda_3a.txt, Fortunata, entendía
fortunata_y_jacinda_3a.txt, Fortunata, contenta
fortunata_y_jacinda_3a.txt, Fortunata, sentía
fortunata_y_jacinda_3a.txt, D. Evaristo, compró
fortunata_y_jacinda_3a.txt, Fortunata, tuviese
fortunata_y_jacinda_3a.txt, Fortunata, empezando
fortunata_y_jacinda_3a.txt, D. Evaristo, estuvo
fortunata_y_jacinda_3a.txt, Fortunata, hablar
fortunata_y_jacinda_3a.txt, D. Evaristo, cesaba
fortunata_y_jacinda_3a.txt, D. Evaristo, permitía
fortunata_y_jacinda_3a.txt, Fortunata, tenía
fortunata_y_jacinda_3a.txt, Fortunata, iba
fortunata_y_jacinda_3a.txt, Fortunata, pasó
fortunata_y_jacinda_3a.txt, Fortunata, oía
fortunata_y_jacinda_3a.txt, Fortunata, hacía
fortunata_y_jacinda_3a.txt, D. Evaristo, sentía
fortunata_y_jacinda_3a.txt, Fortunata, pasmarte--indicó
fortunata_y_jacinda_3a.txt, Fortunata, gritar
fortunata_y_jacinda_3a.txt, Fortunata, notado
fortunata_y_jacinda_3a.txt, D. Evaristo, es
fortunata_y_jacinda_3a.txt, D. Evaristo, alzar
fortunata_y_jacinda_3a.txt, D. Evaristo, preguntó
fortunata_y_jacinda_3a.txt, Fortunata, hecho
fortunata_y_jacinda_3a.txt, Fortunata, sabes
fortunata_y_jacinda_3a.txt, Fortunata, entendía
fortunata_y_jacinda_3a.txt, Fortunata, comía
fortunata_y_jacinda_3a.txt, Fortunata, pensaba
fortunata_y_jacinda_3a.txt, Fortunata, Corrió
fortunata_y_jacinda_3a.txt, D. Evaristo, contestaba
fortunata_y_jacinda_3a.txt, Fortunata, permaneció
fortunata_y_jacinda_3a.txt, D. Evaristo, serlo
fortunata_y_jacinda_3a.txt, D. Evaristo, desplegó
fortunata_y_jacinda_3a.txt, D. Evaristo, volvió
fortunata_y_jacinda_3a.txt, Fortunata, estuvo
fortunata_y_jacinda_3a.txt, Fortunata, podía
fortunata_y_jacinda_3a.txt, D. Evaristo, moría
fortunata_y_jacinda_3a.txt, Fortunata, dio
fortunata_y_jacinda_3a.txt, Maximiliano, abrirá
fortunata_y_jacinda_3a.txt, D. Evaristo, arrugó
fortunata_y_jacinda_3a.txt, Fortunata, estaba
fortunata_y_jacinda_3a.txt, Maximiliano, pensará
fortunata_y_jacinda_3a.txt, Maxi, tomado
fortunata_y_jacinda_3a.txt, D. Evaristo, visitó
fortunata_y_jacinda_3a.txt, Maximiliano, dedicado
fortunata_y_jacinda_3a.txt, Fortunata, asustó
fortunata_y_jacinda_3a.txt, D. Evaristo, atreviose
fortunata_y_jacinda_3a.txt, D. Evaristo, reconoció
fortunata_y_jacinda_3a.txt, D. Evaristo, dos!--dijo
fortunata_y_jacinda_3a.txt, Maxi, dijo
fortunata_y_jacinda_3a.txt, Maximiliano, comprendía
fortunata_y_jacinda_3a.txt, Maxi, dedicado
fortunata_y_jacinda_3a.txt, D. Evaristo, vuelvo
fortunata_y_jacinda_3a.txt, D. Evaristo, descubrió
fortunata_y_jacinda_3a.txt, Maximiliano, llenó
fortunata_y_jacinda_3a.txt, D. Evaristo, Despidiose
fortunata_y_jacinda_3a.txt, D. Evaristo, coche
fortunata_y_jacinda_3a.txt, Fortunata, sabía
fortunata_y_jacinda_3a.txt, Fortunata, existe
fortunata_y_jacinda_3a.txt, D. Evaristo, Creyeron
fortunata_y_jacinda_3a.txt, Fortunata, verle
fortunata_y_jacinda_3a.txt, D. Evaristo, olvidó
fortunata_y_jacinda_3a.txt, D. Evaristo, quedó
fortunata_y_jacinda_3a.txt, Maximiliano, ángel
fortunata_y_jacinda_3a.txt, D. Evaristo, cristiano
fortunata_y_jacinda_3a.txt, Maximiliano, quiere
fortunata_y_jacinda_3a.txt, D. Evaristo, dice
fortunata_y_jacinda_3a.txt, Mauricia, estado
fortunata_y_jacinda_3a.txt, Fortunata, dado
fortunata_y_jacinda_3a.txt, Fortunata, dado
fortunata_y_jacinda_3a.txt, Juanito Santa Cruz, era
fortunata_y_jacinda_3a.txt, Maximiliano, concluyendo
fortunata_y_jacinda_3a.txt, Maximiliano, servido
fortunata_y_jacinda_3a.txt, Maxi, estaba
fortunata_y_jacinda_3a.txt, Maxi, dijo
fortunata_y_jacinda_3a.txt, Fortunata, estaba
fortunata_y_jacinda_3a.txt, Fortunata, siéntate
fortunata_y_jacinda_3a.txt, Maximiliano, sintió
fortunata_y_jacinda_3a.txt, Fortunata, dijo
fortunata_y_jacinda_3a.txt, Maxi, empezó
fortunata_y_jacinda_3a.txt, Fortunata, miraba
fortunata_y_jacinda_3a.txt, Maxi, opinaba
fortunata_y_jacinda_3a.txt, Maxi, apretó
fortunata_y_jacinda_3a.txt, Mauricia, tienes
fortunata_y_jacinda_3a.txt, Fortunata, es
fortunata_y_jacinda_3a.txt, Fortunata, quitó
fortunata_y_jacinda_3a.txt, Maximiliano, habló
fortunata_y_jacinda_3a.txt, Maxi, Refirió
fortunata_y_jacinda_3a.txt, Mauricia, saliese
fortunata_y_jacinda_3a.txt, Mauricia, enfureció
fortunata_y_jacinda_3a.txt, Fortunata, hacía
fortunata_y_jacinda_3a.txt, Fortunata, saldría
fortunata_y_jacinda_3a.txt, Fortunata, componía
fortunata_y_jacinda_3a.txt, Maxi, veía
fortunata_y_jacinda_3a.txt, Fortunata, dile
fortunata_y_jacinda_3a.txt, Mauricia, muriendo
fortunata_y_jacinda_3a.txt, Mauricia, fue
fortunata_y_jacinda_3a.txt, Fortunata, ofenderse
fortunata_y_jacinda_3a.txt, Mauricia, ponía
fortunata_y_jacinda_3a.txt, Fortunata, dijo
fortunata_y_jacinda_3a.txt, Fortunata, sentía
fortunata_y_jacinda_3a.txt, Fortunata, pensaba
fortunata_y_jacinda_3a.txt, Fortunata, decía
fortunata_y_jacinda_3a.txt, Mauricia, debía
fortunata_y_jacinda_3a.txt, Mauricia, recibiera
fortunata_y_jacinda_3a.txt, Fortunata, entrado
fortunata_y_jacinda_3a.txt, Fortunata, oyó
fortunata_y_jacinda_3a.txt, Mauricia, frunció
fortunata_y_jacinda_3a.txt, Mauricia, instante
fortunata_y_jacinda_3a.txt, Mauricia, sentía
fortunata_y_jacinda_3a.txt, Fortunata, acompañaban
fortunata_y_jacinda_3a.txt, Mauricia, dormía
fortunata_y_jacinda_3a.txt, Fortunata, dijo
fortunata_y_jacinda_3a.txt, Fortunata, sabía
fortunata_y_jacinda_3a.txt, Fortunata, miraba
fortunata_y_jacinda_3a.txt, Fortunata, pensaba
fortunata_y_jacinda_3a.txt, Mauricia, contenta
fortunata_y_jacinda_3a.txt, Fortunata, examinó
fortunata_y_jacinda_3a.txt, Fortunata, supo
fortunata_y_jacinda_3a.txt, Mauricia, pareció
fortunata_y_jacinda_3a.txt, Mauricia, seguía
fortunata_y_jacinda_3a.txt, Fortunata, aguardó
fortunata_y_jacinda_3a.txt, Fortunata, botica
fortunata_y_jacinda_3a.txt, Maxi, solo
fortunata_y_jacinda_3a.txt, Fortunata, mostrase
fortunata_y_jacinda_3a.txt, Maxi, prometió
fortunata_y_jacinda_3a.txt, Maximiliano, detuvieron
fortunata_y_jacinda_3a.txt, Fortunata, pasó
fortunata_y_jacinda_3a.txt, Mauricia, hacía
fortunata_y_jacinda_3a.txt, Fortunata, sujetarla
fortunata_y_jacinda_3a.txt, Mauricia, tranquilizarse
fortunata_y_jacinda_3a.txt, Fortunata, echó
fortunata_y_jacinda_3a.txt, Fortunata, impuso
fortunata_y_jacinda_3a.txt, Fortunata, retiró
fortunata_y_jacinda_3a.txt, Maximiliano, opuso
fortunata_y_jacinda_3a.txt, Fortunata, salió
fortunata_y_jacinda_3a.txt, Fortunata, creía
fortunata_y_jacinda_3a.txt, Fortunata, entró
fortunata_y_jacinda_3a.txt, Mauricia, dormía
fortunata_y_jacinda_3a.txt, Fortunata, gustan
fortunata_y_jacinda_3a.txt, Fortunata, movía
fortunata_y_jacinda_3a.txt, Fortunata, comprendió
fortunata_y_jacinda_3a.txt, Fortunata, empezaba
fortunata_y_jacinda_3a.txt, Fortunata, sintió
fortunata_y_jacinda_3a.txt, Maxi, echó
fortunata_y_jacinda_3a.txt, Maxi, dijo
fortunata_y_jacinda_3a.txt, Fortunata, volvió
fortunata_y_jacinda_3a.txt, D. Evaristo, reñiría
fortunata_y_jacinda_3a.txt, Maximiliano, dio
fortunata_y_jacinda_3a.txt, Fortunata, dijo
fortunata_y_jacinda_3a.txt, Fortunata, sentía
fortunata_y_jacinda_3a.txt, Fortunata, alejar
fortunata_y_jacinda_3a.txt, Aurora, ponerse
fortunata_y_jacinda_3a.txt, Fortunata, cosas!--pensaba
fortunata_y_jacinda_3a.txt, D. Evaristo, entró
fortunata_y_jacinda_3a.txt, Fortunata, condujo
fortunata_y_jacinda_3a.txt, Fortunata, notó
fortunata_y_jacinda_3a.txt, Maxi, Contestó
fortunata_y_jacinda_3a.txt, Fortunata, sabía
fortunata_y_jacinda_3a.txt, Maximiliano, dio
fortunata_y_jacinda_3a.txt, Fortunata, sentía
fortunata_y_jacinda_3a.txt, Fortunata, pasmada
fortunata_y_jacinda_3a.txt, Fortunata, ver
fortunata_y_jacinda_3a.txt, Maxi, expresaba
fortunata_y_jacinda_3a.txt, Fortunata, acostumbrado
fortunata_y_jacinda_3a.txt, Maximiliano, expresado
fortunata_y_jacinda_3a.txt, Fortunata, gustaba
fortunata_y_jacinda_3a.txt, Maximiliano, pareció
fortunata_y_jacinda_3a.txt, Fortunata, entristeció
fortunata_y_jacinda_3a.txt, Fortunata, muerto!--exclamó
fortunata_y_jacinda_3a.txt, Mauricia, apretaba
fortunata_y_jacinda_3a.txt, Mauricia, estaba
fortunata_y_jacinda_3a.txt, Fortunata, atendía
fortunata_y_jacinda_3a.txt, Fortunata, vio
fortunata_y_jacinda_3a.txt, Mauricia, dijo
fortunata_y_jacinda_3a.txt, Fortunata, tuvo
fortunata_y_jacinda_3a.txt, Fortunata, Advertía
fortunata_y_jacinda_3a.txt, Fortunata, contestó
fortunata_y_jacinda_3a.txt, Fortunata, vaciado
fortunata_y_jacinda_3a.txt, Fortunata, --Me
fortunata_y_jacinda_3a.txt, Mauricia, quedó
fortunata_y_jacinda_3a.txt, Maxi, durmió
fortunata_y_jacinda_3a.txt, Mauricia, inspirado
fortunata_y_jacinda_3a.txt, Mauricia, trocado
fortunata_y_jacinta_2.txt, Maximiliano, raquítico
fortunata_y_jacinta_2.txt, Maximiliano, Empezó
fortunata_y_jacinta_2.txt, Maximiliano, veía
fortunata_y_jacinta_2.txt, Maximiliano, soñaba
fortunata_y_jacinta_2.txt, Maximiliano, iba
fortunata_y_jacinta_2.txt, Maximiliano, tenía
fortunata_y_jacinta_2.txt, Maximiliano, perdiendo
fortunata_y_jacinta_2.txt, Maximiliano, conoció
fortunata_y_jacinta_2.txt, Maximiliano, hacía
fortunata_y_jacinta_2.txt, Maximiliano, echando
fortunata_y_jacinta_2.txt, Maximiliano, pagaba
fortunata_y_jacinta_2.txt, Maximiliano, apuntó
fortunata_y_jacinta_2.txt, Maximiliano, encaró
fortunata_y_jacinta_2.txt, Maximiliano, negase
fortunata_y_jacinta_2.txt, Maximiliano, miró
fortunata_y_jacinta_2.txt, Maximiliano, contemplaba
fortunata_y_jacinta_2.txt, Fortunata, reía
fortunata_y_jacinta_2.txt, Fortunata, Salió
fortunata_y_jacinta_2.txt, Maximiliano, despidió
fortunata_y_jacinta_2.txt, Fortunata, andar
fortunata_y_jacinta_2.txt, Fortunata, oía
fortunata_y_jacinta_2.txt, Maximiliano, reservaba
fortunata_y_jacinta_2.txt, Maximiliano, probara?--dijo
fortunata_y_jacinta_2.txt, Maximiliano, tuvo
fortunata_y_jacinta_2.txt, Maximiliano, Estaba
fortunata_y_jacinta_2.txt, Maximiliano, verla
fortunata_y_jacinta_2.txt, Maximiliano, hizo
fortunata_y_jacinta_2.txt, Maximiliano, atrapado
fortunata_y_jacinta_2.txt, Maximiliano, paseaba
fortunata_y_jacinta_2.txt, Maximiliano, metió
fortunata_y_jacinta_2.txt, Maximiliano, sacaba
fortunata_y_jacinta_2.txt, Maximiliano, simpático
fortunata_y_jacinta_2.txt, Fortunata, pasmaba
fortunata_y_jacinta_2.txt, Maximiliano, hallaba
fortunata_y_jacinta_2.txt, Maximiliano, llevaba
fortunata_y_jacinta_2.txt, Maximiliano, creía
fortunata_y_jacinta_2.txt, Fortunata, tenía
fortunata_y_jacinta_2.txt, Maximiliano, reía
fortunata_y_jacinta_2.txt, Maximiliano, erigido
fortunata_y_jacinta_2.txt, Maximiliano, sacó
fortunata_y_jacinta_2.txt, Fortunata, entendía
fortunata_y_jacinta_2.txt, Fortunata, ocultaba
fortunata_y_jacinta_2.txt, Maximiliano, tuvo
fortunata_y_jacinta_2.txt, Fortunata, veíase
fortunata_y_jacinta_2.txt, Fortunata, fijaba
fortunata_y_jacinta_2.txt, Fortunata, capaz
fortunata_y_jacinta_2.txt, Maximiliano, insistió
fortunata_y_jacinta_2.txt, Fortunata, dijo
fortunata_y_jacinta_2.txt, Juárez, dijo
fortunata_y_jacinta_2.txt, Juárez, lo
fortunata_y_jacinta_2.txt, Juárez, ofrecía
fortunata_y_jacinta_2.txt, Juanito Santa Cruz, dio
fortunata_y_jacinta_2.txt, Maximiliano, sintió
fortunata_y_jacinta_2.txt, Fortunata, acordaba
fortunata_y_jacinta_2.txt, Maximiliano, vio
fortunata_y_jacinta_2.txt, Maximiliano, sabía
fortunata_y_jacinta_2.txt, Fortunata, dicho
fortunata_y_jacinta_2.txt, Maximiliano, daba
fortunata_y_jacinta_2.txt, Fortunata, amara
fortunata_y_jacinta_2.txt, Fortunata, prendaba
fortunata_y_jacinta_2.txt, Maximiliano, preguntaba
fortunata_y_jacinta_2.txt, Fortunata, querer
fortunata_y_jacinta_2.txt, Maximiliano, Pasaba
fortunata_y_jacinta_2.txt, Maximiliano, iba
fortunata_y_jacinta_2.txt, Fortunata, salía
fortunata_y_jacinta_2.txt, Maximiliano, sentía
fortunata_y_jacinta_2.txt, Fortunata, pensaba
fortunata_y_jacinta_2.txt, Fortunata, deseaba
fortunata_y_jacinta_2.txt, Maximiliano, daba
fortunata_y_jacinta_2.txt, Maximiliano, abandonó
fortunata_y_jacinta_2.txt, Maximiliano, estudiaba
fortunata_y_jacinta_2.txt, Fortunata, buena
fortunata_y_jacinta_2.txt, Maximiliano, abalanzó
fortunata_y_jacinta_2.txt, Fortunata, empezó
fortunata_y_jacinta_2.txt, Fortunata, salió
fortunata_y_jacinta_2.txt, Maximiliano, dio
fortunata_y_jacinta_2.txt, Fortunata, conocía
fortunata_y_jacinta_2.txt, Maximiliano, partidario
fortunata_y_jacinta_2.txt, Maximiliano, retiró
fortunata_y_jacinta_2.txt, Maximiliano, hizo
fortunata_y_jacinta_2.txt, Maximiliano, entró
fortunata_y_jacinta_2.txt, Maximiliano, rascaba
fortunata_y_jacinta_2.txt, Maximiliano, sintió
fortunata_y_jacinta_2.txt, Maximiliano, deseaba
fortunata_y_jacinta_2.txt, Maximiliano, Siguió
fortunata_y_jacinta_2.txt, Maximiliano, dejó
fortunata_y_jacinta_2.txt, Maximiliano, hablaba
fortunata_y_jacinta_2.txt, Maximiliano, bienaventurado
fortunata_y_jacinta_2.txt, Maximiliano, apostaba
fortunata_y_jacinta_2.txt, Maximiliano, elogió
fortunata_y_jacinta_2.txt, Fortunata, decía
fortunata_y_jacinta_2.txt, Fortunata, aseguraba
fortunata_y_jacinta_2.txt, Fortunata, pudo
fortunata_y_jacinta_2.txt, Maximiliano, echó
fortunata_y_jacinta_2.txt, Fortunata, almorzaba
fortunata_y_jacinta_2.txt, Maximiliano, estudiaba
fortunata_y_jacinta_2.txt, Maximiliano, contaron
fortunata_y_jacinta_2.txt, Fortunata, comprendieron
fortunata_y_jacinta_2.txt, Juanito Santa Cruz, supo
fortunata_y_jacinta_2.txt, Maximiliano, dar
fortunata_y_jacinta_2.txt, Fortunata, recordaba
fortunata_y_jacinta_2.txt, Maximiliano, habiéndole
fortunata_y_jacinta_2.txt, Maximiliano, prestó
fortunata_y_jacinta_2.txt, Fortunata, vio
fortunata_y_jacinta_2.txt, Maximiliano, elogiaba
fortunata_y_jacinta_2.txt, Maximiliano, dijo
fortunata_y_jacinta_2.txt, Maximiliano, puesto
fortunata_y_jacinta_2.txt, Maximiliano, apagaría
fortunata_y_jacinta_2.txt, Maximiliano, entró
fortunata_y_jacinta_2.txt, Maximiliano, durmió
fortunata_y_jacinta_2.txt, Maximiliano, contempló
fortunata_y_jacinta_2.txt, Maximiliano, sintió
fortunata_y_jacinta_2.txt, Maximiliano, conoció
fortunata_y_jacinta_2.txt, Maximiliano, sofocado
fortunata_y_jacinta_2.txt, Maximiliano, sintió
fortunata_y_jacinta_2.txt, Maximiliano, sentó
fortunata_y_jacinta_2.txt, Maximiliano, inmutó
fortunata_y_jacinta_2.txt, Maximiliano, encontró
fortunata_y_jacinta_2.txt, Maximiliano, rompió
fortunata_y_jacinta_2.txt, Maximiliano, juzgue
fortunata_y_jacinta_2.txt, Maximiliano, estrelló
fortunata_y_jacinta_2.txt, Maxi, disparate
fortunata_y_jacinta_2.txt, Maxi, viera
fortunata_y_jacinta_2.txt, Maximiliano, dado
fortunata_y_jacinta_2.txt, Fortunata, debe
fortunata_y_jacinta_2.txt, Maximiliano, necesitaba
fortunata_y_jacinta_2.txt, Maximiliano, sabía
fortunata_y_jacinta_2.txt, Maximiliano, enterado
fortunata_y_jacinta_2.txt, Maximiliano, observar
fortunata_y_jacinta_2.txt, Maximiliano, estaba
fortunata_y_jacinta_2.txt, Maximiliano, calculó
fortunata_y_jacinta_2.txt, Maximiliano, estaba
fortunata_y_jacinta_2.txt, Maximiliano, entró
fortunata_y_jacinta_2.txt, Maxi, franco
fortunata_y_jacinta_2.txt, Maximiliano, despreciaba
fortunata_y_jacinta_2.txt, Maxi, ponía
fortunata_y_jacinta_2.txt, Maxi, vio
fortunata_y_jacinta_2.txt, Maxi, quería
fortunata_y_jacinta_2.txt, Maxi, sintió
fortunata_y_jacinta_2.txt, Maximiliano, rogó
fortunata_y_jacinta_2.txt, Fortunata, turbada
fortunata_y_jacinta_2.txt, Maximiliano, conozco
fortunata_y_jacinta_2.txt, Fortunata, vaciló
fortunata_y_jacinta_2.txt, Fortunata, faltaba
fortunata_y_jacinta_2.txt, Fortunata, haciendo
fortunata_y_jacinta_2.txt, Fortunata, atrevió
fortunata_y_jacinta_2.txt, Fortunata, miraba
fortunata_y_jacinta_2.txt, Fortunata, besó
fortunata_y_jacinta_2.txt, Maximiliano, tenía
fortunata_y_jacinta_2.txt, Fortunata, --dijo
fortunata_y_jacinta_2.txt, Maxi, enterarse
fortunata_y_jacinta_2.txt, Fortunata, vio
fortunata_y_jacinta_2.txt, Fortunata, volvería
fortunata_y_jacinta_2.txt, Maxi, tenía
fortunata_y_jacinta_2.txt, Maxi, sacó
fortunata_y_jacinta_2.txt, Maximiliano, estaba
fortunata_y_jacinta_2.txt, Maximiliano, salió
fortunata_y_jacinta_2.txt, Fortunata, pasando
fortunata_y_jacinta_2.txt, Fortunata, deseaba
fortunata_y_jacinta_2.txt, Fortunata, veía
fortunata_y_jacinta_2.txt, Fortunata, manifestaba
fortunata_y_jacinta_2.txt, Maxi, tiempo
fortunata_y_jacinta_2.txt, Maximiliano, pretendía
fortunata_y_jacinta_2.txt, Maxi, salieron
fortunata_y_jacinta_2.txt, Fortunata, estaba
fortunata_y_jacinta_2.txt, Maxi, salía
fortunata_y_jacinta_2.txt, Maximiliano, hizo
fortunata_y_jacinta_2.txt, Fortunata, entusiasmaba
fortunata_y_jacinta_2.txt, Fortunata, así
fortunata_y_jacinta_2.txt, Maximiliano, moriría
fortunata_y_jacinta_2.txt, Fortunata, conducida
fortunata_y_jacinta_2.txt, Fortunata, parecía
fortunata_y_jacinta_2.txt, Maxi, inspiraba
fortunata_y_jacinta_2.txt, Fortunata, dispuesta
fortunata_y_jacinta_2.txt, Maximiliano, miró
fortunata_y_jacinta_2.txt, Maximiliano, comía
fortunata_y_jacinta_2.txt, Fortunata, estrechó
fortunata_y_jacinta_2.txt, Maximiliano, siguió
fortunata_y_jacinta_2.txt, Fortunata, atormentó
fortunata_y_jacinta_2.txt, Maxi, tan
fortunata_y_jacinta_2.txt, Maximiliano, encaminó
fortunata_y_jacinta_2.txt, Maxi, Observó
fortunata_y_jacinta_2.txt, Maxi, observó
fortunata_y_jacinta_2.txt, Fortunata, elogió
fortunata_y_jacinta_2.txt, Maximiliano, volvió
fortunata_y_jacinta_2.txt, Fortunata, conmovida
fortunata_y_jacinta_2.txt, Fortunata, pertenecía
fortunata_y_jacinta_2.txt, Fortunata, sabía
fortunata_y_jacinta_2.txt, Fortunata, indicó
fortunata_y_jacinta_2.txt, Mauricia, hablaba
fortunata_y_jacinta_2.txt, Mauricia, arrastrándose
fortunata_y_jacinta_2.txt, Juanito, viene
fortunata_y_jacinta_2.txt, Mauricia, dijo
fortunata_y_jacinta_2.txt, Mauricia, daba
fortunata_y_jacinta_2.txt, Fortunata, presenció
fortunata_y_jacinta_2.txt, Mauricia, callaba
fortunata_y_jacinta_2.txt, Mauricia, aprovechaba
fortunata_y_jacinta_2.txt, Mauricia, devolvía
fortunata_y_jacinta_2.txt, Mauricia, puso
fortunata_y_jacinta_2.txt, Mauricia, quitaba
fortunata_y_jacinta_2.txt, Mauricia, Contestó
fortunata_y_jacinta_2.txt, Mauricia, olido
fortunata_y_jacinta_2.txt, Mauricia, alargó
fortunata_y_jacinta_2.txt, Mauricia, comerse
fortunata_y_jacinta_2.txt, Mauricia, empezó
fortunata_y_jacinta_2.txt, Mauricia, dijo
fortunata_y_jacinta_2.txt, Mauricia, reía
fortunata_y_jacinta_2.txt, Mauricia, recogió
fortunata_y_jacinta_2.txt, Mauricia, tiró
fortunata_y_jacinta_2.txt, Fortunata, tuvo
fortunata_y_jacinta_2.txt, Fortunata, tardaron
fortunata_y_jacinta_2.txt, Fortunata, echaba
fortunata_y_jacinta_2.txt, Fortunata, vio
fortunata_y_jacinta_2.txt, Fortunata, quitó
fortunata_y_jacinta_2.txt, Maximiliano, lazo
fortunata_y_jacinta_2.txt, Maximiliano, entró
fortunata_y_jacinta_2.txt, Maximiliano, ponía
fortunata_y_jacinta_2.txt, Fortunata, hacía
fortunata_y_jacinta_2.txt, Fortunata, hizo
fortunata_y_jacinta_2.txt, Fortunata, contestó
fortunata_y_jacinta_2.txt, Mauricia, solía
fortunata_y_jacinta_2.txt, Mauricia, dio
fortunata_y_jacinta_2.txt, Fortunata, abrió
fortunata_y_jacinta_2.txt, Fortunata, vestirse
fortunata_y_jacinta_2.txt, Mauricia, quedó
fortunata_y_jacinta_2.txt, Maximiliano, habló
fortunata_y_jacinta_2.txt, Maximiliano, dijo
fortunata_y_jacinta_2.txt, Fortunata, retiró
fortunata_y_jacinta_2.txt, Mauricia, turbaba
fortunata_y_jacinta_2.txt, Fortunata, miré
fortunata_y_jacinta_2.txt, Mauricia, diese
fortunata_y_jacinta_2.txt, Mauricia, hacía
fortunata_y_jacinta_2.txt, Mauricia, tocó
fortunata_y_jacinta_2.txt, Mauricia, lloraba
fortunata_y_jacinta_2.txt, Fortunata, comprender
fortunata_y_jacinta_2.txt, Fortunata, echó
fortunata_y_jacinta_2.txt, Mauricia, desplegó
fortunata_y_jacinta_2.txt, Fortunata, acercó
fortunata_y_jacinta_2.txt, Mauricia, visto
fortunata_y_jacinta_2.txt, Fortunata, vio
fortunata_y_jacinta_2.txt, Mauricia, estaba
fortunata_y_jacinta_2.txt, Mauricia, levantaba
fortunata_y_jacinta_2.txt, Mauricia, atravesó
fortunata_y_jacinta_2.txt, Fortunata, sentía
fortunata_y_jacinta_2.txt, Fortunata, hizo
fortunata_y_jacinta_2.txt, Mauricia, hizo
fortunata_y_jacinta_2.txt, Mauricia, descendía
fortunata_y_jacinta_2.txt, Mauricia, apretaba
fortunata_y_jacinta_2.txt, Mauricia, haces
fortunata_y_jacinta_2.txt, Mauricia, estaba
fortunata_y_jacinta_2.txt, Mauricia, visto
fortunata_y_jacinta_2.txt, Fortunata, dijo
fortunata_y_jacinta_2.txt, Fortunata, llegó
fortunata_y_jacinta_2.txt, Mauricia, tenido
fortunata_y_jacinta_2.txt, Mauricia, --bramaba
fortunata_y_jacinta_2.txt, Fortunata, bajó
fortunata_y_jacinta_2.txt, Mauricia, levantó
fortunata_y_jacinta_2.txt, Fortunata, saldría
fortunata_y_jacinta_2.txt, Maxi, hablaba
fortunata_y_jacinta_2.txt, Maxi, dio
fortunata_y_jacinta_2.txt, Fortunata, entró
fortunata_y_jacinta_2.txt, Maxi, entraría
fortunata_y_jacinta_2.txt, Fortunata, echó
fortunata_y_jacinta_2.txt, Maximiliano, esperaban
fortunata_y_jacinta_2.txt, Fortunata, prestase
fortunata_y_jacinta_2.txt, Maximiliano, invitar
fortunata_y_jacinta_2.txt, Fortunata, supo
fortunata_y_jacinta_2.txt, Mauricia, infundía
fortunata_y_jacinta_2.txt, Mauricia, traía
fortunata_y_jacinta_2.txt, Fortunata, consideró
fortunata_y_jacinta_2.txt, Fortunata, preguntó
fortunata_y_jacinta_2.txt, Mauricia, inclinó
fortunata_y_jacinta_2.txt, Fortunata, vio
fortunata_y_jacinta_2.txt, Fortunata, --dijo
fortunata_y_jacinta_2.txt, Mauricia, verla
fortunata_y_jacinta_2.txt, Fortunata, dijo
fortunata_y_jacinta_2.txt, Fortunata, veía
fortunata_y_jacinta_2.txt, Mauricia, haciendo
fortunata_y_jacinta_2.txt, Fortunata, responder
fortunata_y_jacinta_2.txt, Maximiliano, entró
fortunata_y_jacinta_2.txt, Mauricia, Es
fortunata_y_jacinta_2.txt, Fortunata, quiso
fortunata_y_jacinta_2.txt, Fortunata, sintió
fortunata_y_jacinta_2.txt, Fortunata, comprometió
fortunata_y_jacinta_2.txt, Fortunata, guapísima
fortunata_y_jacinta_2.txt, Mauricia, dicho
fortunata_y_jacinta_2.txt, Fortunata, siguió
fortunata_y_jacinta_2.txt, Fortunata, notaron
fortunata_y_jacinta_2.txt, Maximiliano, sentía
fortunata_y_jacinta_2.txt, Fortunata, retires--dijo
fortunata_y_jacinta_2.txt, Maximiliano, pidió
fortunata_y_jacinta_2.txt, Fortunata, levantó
fortunata_y_jacinta_2.txt, Maxi, echó
fortunata_y_jacinta_2.txt, Fortunata, creyó
fortunata_y_jacinta_2.txt, Mauricia, contado
fortunata_y_jacinta_2.txt, Maxi, acababa
fortunata_y_jacinta_2.txt, Fortunata, cogió
fortunata_y_jacinta_2.txt, Fortunata, antipática
fortunata_y_jacinta_2.txt, Fortunata, levantó
fortunata_y_jacinta_2.txt, Fortunata, hizo
fortunata_y_jacinta_2.txt, Fortunata, respiró
fortunata_y_jacinta_2.txt, Fortunata, respondió
fortunata_y_jacinta_2.txt, Maxi, dado
fortunata_y_jacinta_2.txt, Maxi, mejor
fortunata_y_jacinta_2.txt, Fortunata, opinó
fortunata_y_jacinta_2.txt, Maxi, bien
fortunata_y_jacinta_2.txt, Maxi, quejaba
fortunata_y_jacinta_2.txt, Fortunata, tuvo
fortunata_y_jacinta_2.txt, Maximiliano, dijo
fortunata_y_jacinta_2.txt, Fortunata, dijo
fortunata_y_jacinta_2.txt, Maxi, llamó
fortunata_y_jacinta_2.txt, Maxi, salió
fortunata_y_jacinta_2.txt, Maxi, venía
fortunata_y_jacinta_2.txt, Maxi, contarle
fortunata_y_jacinta_2.txt, Maxi, sale
fortunata_y_jacinta_2.txt, Fortunata, miró
fortunata_y_jacinta_2.txt, Fortunata, pudo
fortunata_y_jacinta_2.txt, Fortunata, a
fortunata_y_jacinta_2.txt, Fortunata, daba
fortunata_y_jacinta_2.txt, Fortunata, embriagada
fortunata_y_jacinta_2.txt, Juárez, sacó
fortunata_y_jacinta_2.txt, el Negro, sacó
fortunata_y_jacinta_2.txt, Fortunata, consideraba
fortunata_y_jacinta_2.txt, Fortunata, pasó
fortunata_y_jacinta_2.txt, Fortunata, miró
fortunata_y_jacinta_2.txt, Fortunata, contemplaba
fortunata_y_jacinta_2.txt, Maxi, salía
fortunata_y_jacinta_2.txt, Juárez, reventó
fortunata_y_jacinta_2.txt, Fortunata, tenía
fortunata_y_jacinta_2.txt, Fortunata, trataba
fortunata_y_jacinta_2.txt, Maxi, tenía
fortunata_y_jacinta_2.txt, Fortunata, servía
fortunata_y_jacinta_2.txt, Maxi, Suponía
fortunata_y_jacinta_2.txt, Fortunata, estaba
fortunata_y_jacinta_2.txt, Fortunata, salido
fortunata_y_jacinta_2.txt, Maximiliano, entró
fortunata_y_jacinta_2.txt, Maxi, siguió
fortunata_y_jacinta_2.txt, Maxi, arrebató
fortunata_y_jacinta_2.txt, Fortunata, ido
fortunata_y_jacinta_2.txt, Fortunata, volvió
fortunata_y_jacinta_2.txt, Maximiliano, hubo
fortunata_y_jacinta_2.txt, Fortunata, esmerose
fortunata_y_jacinta_2.txt, Fortunata, mostró
fortunata_y_jacinta_2.txt, Mauricia, dicho
fortunata_y_jacinta_2.txt, Maxi, caviloso
fortunata_y_jacinta_2.txt, Maxi, penetrar
fortunata_y_jacinta_2.txt, Fortunata, recogió
fortunata_y_jacinta_2.txt, Maxi, dijo
fortunata_y_jacinta_2.txt, Fortunata, Asustose
fortunata_y_jacinta_2.txt, Maxi, --dijo
fortunata_y_jacinta_2.txt, Maxi, dijo
fortunata_y_jacinta_2.txt, Fortunata, tenía
fortunata_y_jacinta_2.txt, Maxi, deseaba
fortunata_y_jacinta_2.txt, Maxi, perdía
fortunata_y_jacinta_2.txt, Maxi, iba
fortunata_y_jacinta_2.txt, Maxi, logró
fortunata_y_jacinta_2.txt, Maxi, contestó
fortunata_y_jacinta_2.txt, Fortunata, aparecido
fortunata_y_jacinta_2.txt, Fortunata, entrado
fortunata_y_jacinta_2.txt, Fortunata, entró
fortunata_y_jacinta_2.txt, Fortunata, miró
fortunata_y_jacinta_2.txt, Fortunata, volvió
fortunata_y_jacinta_2.txt, Fortunata, prestó
fortunata_y_jacinta_2.txt, Fortunata, volvió
fortunata_y_jacinta_2.txt, Fortunata, estaba
fortunata_y_jacinta_2.txt, Fortunata, contestar
fortunata_y_jacinta_2.txt, Fortunata, seguía
fortunata_y_jacinta_2.txt, Fortunata, muerto--replicó
fortunata_y_jacinta_2.txt, Fortunata, metiose
fortunata_y_jacinta_2.txt, Fortunata, vio
fortunata_y_jacinta_2.txt, Fortunata, contestó
fortunata_y_jacinta_2.txt, Maxi, provocó
fortunata_y_jacinta_2.txt, Fortunata, lloraba
